1|12323907|234679|1|2|4|20/04/2018
2|12324582|234920|1|2|4|20/04/2018
3|12324632|234723|1|2|4|20/04/2018
4|12324707|234974|1|2|4|20/04/2018
5|12324764|234733|1|2|4|20/04/2018
6|12325019|234931|1|2|4|20/04/2018
7|12325084|234716|1|2|4|20/04/2018
8|12325217|234975|1|2|4|20/04/2018
9|12325761|234680|1|2|4|20/04/2018
10|12325860|234971|1|2|4|20/04/2018
11|12326223|234879|1|2|4|20/04/2018
12|12326231|234762|1|2|4|20/04/2018
13|12326660|234802|1|2|4|20/04/2018
14|12328591|234681|1|2|4|20/04/2018
15|12329243|234801|1|2|4|20/04/2018
16|12329813|234811|1|2|4|20/04/2018
17|12330647|234834|1|2|4|20/04/2018
18|12331975|234922|1|2|4|20/04/2018
19|12336164|235475|1|2|4|20/04/2018
20|12340448|234662|1|2|4|20/04/2018
21|12342881|235476|1|2|4|20/04/2018
22|12345868|234724|1|2|4|20/04/2018
23|12346106|235376|1|2|4|20/04/2018
24|12346130|234684|1|2|4|20/04/2018
25|12347252|234757|1|2|4|20/04/2018
26|12348300|234797|1|2|4|20/04/2018
27|12349712|234661|1|2|4|20/04/2018
28|12349910|234838|1|2|4|20/04/2018
29|12354076|234812|1|2|4|20/04/2018
30|12354100|234950|1|2|4|20/04/2018
31|12354928|235174|1|2|4|20/04/2018
32|12357970|235255|1|2|4|20/04/2018
33|12363796|234686|1|2|4|20/04/2018
34|12364067|234827|1|2|4|20/04/2018
35|12365262|234924|1|2|4|20/04/2018
36|12368050|234864|1|2|4|20/04/2018
37|12368167|234867|1|2|4|20/04/2018
38|12368183|234905|1|2|4|20/04/2018
39|12368449|234872|1|2|4|20/04/2018
40|12371930|234873|1|2|4|20/04/2018
41|12372102|235054|1|2|4|20/04/2018
42|12373126|234848|1|2|4|20/04/2018
43|12379743|235365|1|2|4|20/04/2018
44|12380105|234652|1|2|4|20/04/2018
45|12387787|235366|1|2|4|20/04/2018
46|12389528|234953|1|2|4|20/04/2018
47|12389692|234732|1|2|4|20/04/2018
48|12389999|234769|1|2|4|20/04/2018
49|12390203|234770|1|2|4|20/04/2018
50|12390351|234954|1|2|4|20/04/2018
51|12392654|234798|1|2|4|20/04/2018
52|12397240|234796|1|2|4|20/04/2018
53|12399923|234772|1|2|4|20/04/2018
54|12401745|234773|1|2|4|20/04/2018
55|12420711|234909|1|2|4|20/04/2018
56|12420729|234923|1|2|4|20/04/2018
57|12420737|234944|1|2|4|20/04/2018
58|12422634|234722|1|2|4|20/04/2018
59|15965779|237399|1|2|4|19/04/2018
60|15965837|237328|1|2|4|19/04/2018
61|15965845|237268|1|2|4|19/04/2018
62|15965860|237252|1|2|4|19/04/2018
63|15965894|237400|1|2|4|19/04/2018
64|15965993|237311|1|2|4|19/04/2018
65|15966041|237296|1|2|4|19/04/2018
66|15966058|237329|1|2|4|19/04/2018
67|15966082|237460|1|2|4|19/04/2018
68|15966173|237274|1|2|4|19/04/2018
69|15966181|237535|1|2|4|19/04/2018
70|15966207|237264|1|2|4|19/04/2018
71|15966215|237297|1|2|4|19/04/2018
72|15966223|237401|1|2|4|19/04/2018
73|15966124|237488|1|2|4|19/04/2018
74|15966157|237430|1|2|4|19/04/2018
75|15966264|237317|1|2|4|19/04/2018
76|15966363|237464|1|2|4|19/04/2018
77|15966389|237475|1|2|4|19/04/2018
78|15966397|237338|1|2|4|19/04/2018
79|15966439|237246|1|2|4|19/04/2018
80|15966454|237478|1|2|4|19/04/2018
81|15966496|237343|1|2|4|19/04/2018
82|15966314|237510|1|2|4|19/04/2018
83|15966603|237547|1|2|4|19/04/2018
84|15966660|237331|1|2|4|19/04/2018
85|15966678|237260|1|2|4|19/04/2018
86|15966686|237250|1|2|4|19/04/2018
87|15966736|237269|1|2|4|19/04/2018
88|15966850|237318|1|2|4|19/04/2018
89|15966884|237332|1|2|4|19/04/2018
90|15966918|237423|1|2|4|19/04/2018
91|16557815|076121|1|2|4|19/04/2018
92|16557872|076205|1|2|4|19/04/2018
93|16558144|076251|1|2|4|19/04/2018
94|16769691|076189|1|2|4|19/04/2018
95|16769816|076369|1|2|4|19/04/2018
96|16769824|076253|1|2|4|19/04/2018
97|16769618|076252|1|2|4|19/04/2018
98|16769865|076190|1|2|4|19/04/2018
99|16769923|076360|1|2|4|19/04/2018
100|16769949|076297|1|2|4|19/04/2018
101|16770202|076151|1|2|4|19/04/2018
102|16770350|076222|1|2|4|19/04/2018
103|16770442|076301|1|2|4|19/04/2018
104|16770509|076246|1|2|4|19/04/2018
105|16770533|076217|1|2|4|19/04/2018
106|16770608|076256|1|2|4|19/04/2018
107|16770624|076343|1|2|4|19/04/2018
108|16770764|076298|1|2|4|19/04/2018
109|16770830|076308|1|2|4|19/04/2018
110|16770947|076178|1|2|4|19/04/2018
111|16771028|076171|1|2|4|19/04/2018
112|16771051|076323|1|2|4|19/04/2018
113|16771085|076135|1|2|4|19/04/2018
114|16771101|076321|1|2|4|19/04/2018
115|16771200|076352|1|2|4|19/04/2018
116|16771218|076145|1|2|4|19/04/2018
117|16771499|076172|1|2|4|19/04/2018
118|16771648|076257|1|2|4|19/04/2018
119|16771655|076224|1|2|4|19/04/2018
120|16771697|076216|1|2|4|19/04/2018
121|16771713|076155|1|2|4|19/04/2018
122|16771937|076391|1|2|4|19/04/2018
123|16772091|076221|1|2|4|19/04/2018
124|16772190|076247|1|2|4|19/04/2018
125|16772224|076164|1|2|4|19/04/2018
126|16772240|076259|1|2|4|19/04/2018
127|16772265|076232|1|2|4|19/04/2018
128|16772273|076344|1|2|4|19/04/2018
129|16772281|076295|1|2|4|19/04/2018
130|16770905|076258|1|2|4|19/04/2018
131|17270624|237403|1|2|4|19/04/2018
132|17270632|237420|1|2|4|19/04/2018
133|17270715|237511|1|2|4|19/04/2018
134|17270723|237526|1|2|4|19/04/2018
135|17285754|237273|1|2|4|19/04/2018
136|17710348|237287|1|2|4|19/04/2018
137|17760566|237404|1|2|4|19/04/2018
138|17760590|237333|1|2|4|19/04/2018
139|17760640|237255|1|2|4|19/04/2018
140|17760657|237424|1|2|4|19/04/2018
141|17760616|237254|1|2|4|19/04/2018
142|17760707|237471|1|2|4|19/04/2018
143|17760772|237512|1|2|4|19/04/2018
144|17859814|076370|1|2|4|19/04/2018
145|18521066|076302|1|2|4|19/04/2018
146|18587869|076290|1|2|4|19/04/2018
147|18587893|076396|1|2|4|19/04/2018
148|18587935|076262|1|2|4|19/04/2018
149|18587968|076361|1|2|4|19/04/2018
150|18587976|076138|1|2|4|19/04/2018
151|18803621|076146|1|2|4|19/04/2018
152|18803688|076136|1|2|4|19/04/2018
153|18803738|076150|1|2|4|19/04/2018
154|19197114|076294|1|2|4|19/04/2018
155|19565062|076123|1|2|4|19/04/2018
156|19565070|076225|1|2|4|19/04/2018
157|19565088|076263|1|2|4|19/04/2018
158|19565096|076264|1|2|4|19/04/2018
159|19565104|076283|1|2|4|19/04/2018
160|19565112|076291|1|2|4|19/04/2018
161|19565120|076309|1|2|4|19/04/2018
162|19565138|076334|1|2|4|19/04/2018
163|19565146|076335|1|2|4|19/04/2018
164|19565161|076362|1|2|4|19/04/2018
165|20237719|237435|1|2|4|19/04/2018
166|20237750|237373|1|2|4|19/04/2018
167|20237842|237359|1|2|4|19/04/2018
168|20237859|237446|1|2|4|19/04/2018
169|20237792|237358|1|2|4|19/04/2018
170|20237818|237305|1|2|4|19/04/2018
171|20237909|237306|1|2|4|19/04/2018
172|20237917|237360|1|2|4|19/04/2018
173|20451369|076170|1|2|4|19/04/2018
174|20451377|076261|1|2|4|19/04/2018
175|21007657|076345|1|2|4|19/04/2018
176|21007665|076157|1|2|4|19/04/2018
177|21007673|076265|1|2|4|19/04/2018
178|21007699|076379|1|2|4|19/04/2018
179|21007707|076266|1|2|4|19/04/2018
180|21007723|076158|1|2|4|19/04/2018
181|21007731|076147|1|2|4|19/04/2018
182|21007764|076187|1|2|4|19/04/2018
183|21007772|076243|1|2|4|19/04/2018
184|21007780|076267|1|2|4|19/04/2018
185|21007798|076289|1|2|4|19/04/2018
186|21007848|076191|1|2|4|19/04/2018
187|21007897|076160|1|2|4|19/04/2018
188|21007913|076203|1|2|4|19/04/2018
189|21007921|076310|1|2|4|19/04/2018
190|21007939|076180|1|2|4|19/04/2018
191|21007822|076182|1|2|4|19/04/2018
192|21007954|076168|1|2|4|19/04/2018
193|21008010|076380|1|2|4|19/04/2018
194|21008093|076270|1|2|4|19/04/2018
195|21008101|076363|1|2|4|19/04/2018
196|21008127|076245|1|2|4|19/04/2018
197|21008176|076226|1|2|4|19/04/2018
198|21008184|076348|1|2|4|19/04/2018
199|21008192|076364|1|2|4|19/04/2018
200|21008200|076208|1|2|4|19/04/2018
201|21008218|076311|1|2|4|19/04/2018
202|21008051|076143|1|2|4|19/04/2018
203|21063262|076194|1|2|4|19/04/2018
204|21084672|076141|1|2|4|19/04/2018
205|21084680|076152|1|2|4|19/04/2018
206|21084698|076242|1|2|4|19/04/2018
207|21089309|076206|1|2|4|19/04/2018
208|23888583|076134|1|2|4|19/04/2018
209|23888609|076324|1|2|4|19/04/2018
210|23888617|076385|1|2|4|19/04/2018
211|23888625|076319|1|2|4|19/04/2018
212|23888633|076390|1|2|4|19/04/2018
213|23888641|076215|1|2|4|19/04/2018
214|23888658|076329|1|2|4|19/04/2018
215|23908548|076317|1|2|4|19/04/2018
216|23908555|076163|1|2|4|19/04/2018
217|23908563|076196|1|2|4|19/04/2018
218|23908571|076272|1|2|4|19/04/2018
219|23908589|076395|1|2|4|19/04/2018
220|23908597|076174|1|2|4|19/04/2018
221|23908613|076235|1|2|4|19/04/2018
222|23908654|076195|1|2|4|19/04/2018
223|23908662|076365|1|2|4|19/04/2018
224|23908936|076356|1|2|4|19/04/2018
225|23908944|076296|1|2|4|19/04/2018
226|23908951|076375|1|2|4|19/04/2018
227|23908969|076209|1|2|4|19/04/2018
228|23908977|076271|1|2|4|19/04/2018
229|23908993|076381|1|2|4|19/04/2018
230|23911328|076125|1|2|4|19/04/2018
231|23916657|076327|1|2|4|19/04/2018
232|23916665|076241|1|2|4|19/04/2018
233|23916673|076353|1|2|4|19/04/2018
234|23916681|076165|1|2|4|19/04/2018
235|23916699|076274|1|2|4|19/04/2018
236|23917408|076346|1|2|4|19/04/2018
237|23917416|076313|1|2|4|19/04/2018
238|23917481|076142|1|2|4|19/04/2018
239|23917499|076330|1|2|4|19/04/2018
240|23917507|076347|1|2|4|19/04/2018
241|23917515|076276|1|2|4|19/04/2018
242|23917549|076188|1|2|4|19/04/2018
243|23917457|076250|1|2|4|19/04/2018
244|23917465|076366|1|2|4|19/04/2018
245|24323846|237485|1|2|4|19/04/2018
246|24651360|237356|1|2|4|19/04/2018
247|24651386|237406|1|2|4|19/04/2018
248|24651394|237357|1|2|4|19/04/2018
249|24694469|237425|1|2|4|19/04/2018
250|24694477|237361|1|2|4|19/04/2018
251|24694501|237514|1|2|4|19/04/2018
252|24694519|237407|1|2|4|19/04/2018
253|24694527|237496|1|2|4|19/04/2018
254|24694584|237319|1|2|4|19/04/2018
255|24733747|237321|1|2|4|19/04/2018
256|24733796|237307|1|2|4|19/04/2018
257|24733861|237411|1|2|4|19/04/2018
258|24733887|237410|1|2|4|19/04/2018
259|24733895|237492|1|2|4|19/04/2018
260|24733903|237249|1|2|4|19/04/2018
261|24733911|237491|1|2|4|19/04/2018
262|24733960|237515|1|2|4|19/04/2018
263|24733978|237374|1|2|4|19/04/2018
264|24733986|237497|1|2|4|19/04/2018
265|24733820|237545|1|2|4|19/04/2018
266|24734000|237352|1|2|4|19/04/2018
267|24734034|237472|1|2|4|19/04/2018
268|24734059|237482|1|2|4|19/04/2018
269|21089184|075154|1|2|4|20/04/2018
270|23813128|074697|1|2|4|20/04/2018
271|23813144|074667|1|2|4|20/04/2018
272|23818556|075030|1|2|4|20/04/2018
273|23909066|074759|1|2|4|20/04/2018
274|23909660|074710|1|2|4|20/04/2018
275|23909694|074487|1|2|4|20/04/2018
276|23910122|074908|1|2|4|20/04/2018
277|23910189|074671|1|2|4|20/04/2018
278|23910197|074625|1|2|4|20/04/2018
279|24653101|234677|1|2|4|20/04/2018
280|29234014|075186|1|2|4|20/04/2018
281|29234022|075127|1|2|4|20/04/2018
282|29274077|075054|1|2|4|20/04/2018
283|12322701|234654|1|0|4|20/04/2018
284|12322982|234836|1|0|4|20/04/2018
285|12324798|234966|1|0|4|20/04/2018
286|12325159|234897|1|0|4|20/04/2018
287|12325241|234820|1|0|4|20/04/2018
288|12327726|234810|1|0|4|20/04/2018
289|12327734|234672|1|0|4|20/04/2018
290|12327809|234946|1|0|4|20/04/2018
291|12329268|234921|1|0|4|20/04/2018
292|12329318|234853|1|0|4|20/04/2018
293|12329433|234758|1|0|4|20/04/2018
294|12329532|234763|1|0|4|20/04/2018
295|12330563|234731|1|0|4|20/04/2018
296|12330704|234765|1|0|4|20/04/2018
297|12330720|234981|1|0|4|20/04/2018
298|12331652|234962|1|0|4|20/04/2018
299|12334896|234947|1|0|4|20/04/2018
300|12336990|234682|1|0|4|20/04/2018
301|12337162|234948|1|0|4|20/04/2018
302|12341354|234766|1|0|4|20/04/2018
303|12342345|234943|1|0|4|20/04/2018
304|12342741|234767|1|0|4|20/04/2018
305|12345926|234717|1|0|4|20/04/2018
306|12346171|234915|1|0|4|20/04/2018
307|12346783|234972|1|0|4|20/04/2018
308|12347005|234768|1|0|4|20/04/2018
309|12347062|234671|1|0|4|20/04/2018
310|12347419|234916|1|0|4|20/04/2018
311|12347807|234648|1|0|4|20/04/2018
312|12348599|234881|1|0|4|20/04/2018
313|12348664|234970|1|0|4|20/04/2018
314|12348821|234882|1|0|4|20/04/2018
315|12356345|234900|1|0|4|20/04/2018
316|12356436|234977|1|0|4|20/04/2018
317|12357483|234729|1|0|4|20/04/2018
318|12357525|234951|1|0|4|20/04/2018
319|12363267|234658|1|0|4|20/04/2018
320|12367565|234952|1|0|4|20/04/2018
321|12367672|234844|1|0|4|20/04/2018
322|12367789|234655|1|0|4|20/04/2018
323|12368324|234792|1|0|4|20/04/2018
324|12372201|234847|1|0|4|20/04/2018
325|12372342|234982|1|0|4|20/04/2018
326|12373183|234945|1|0|4|20/04/2018
327|12373373|234925|1|0|4|20/04/2018
328|12373456|234824|1|0|4|20/04/2018
329|12389064|234826|1|0|4|20/04/2018
330|12389395|234849|1|0|4|20/04/2018
331|12389627|234984|1|0|4|20/04/2018
332|12389841|234883|1|0|4|20/04/2018
333|12390278|234651|1|0|4|20/04/2018
334|12391896|234884|1|0|4|20/04/2018
335|12391946|234955|1|0|4|20/04/2018
336|12392647|234659|1|0|4|20/04/2018
337|12393488|234973|1|0|4|20/04/2018
338|12393793|234803|1|0|4|20/04/2018
339|12397851|234893|1|0|4|20/04/2018
340|12401406|234895|1|0|4|20/04/2018
341|12401448|234669|1|0|4|20/04/2018
342|12535179|162325|1|0|4|20/04/2018
343|12557264|166990|1|0|4|20/04/2018
344|12563320|168293|1|0|4|19/04/2018
345|12563619|168492|1|0|4|20/04/2018
346|12563775|168484|1|0|4|19/04/2018
347|12565267|168404|1|0|4|19/04/2018
348|15967106|234690|1|0|4|20/04/2018
349|15967114|234956|1|0|4|20/04/2018
350|15967379|234740|1|0|4|20/04/2018
351|15967783|234673|1|0|4|20/04/2018
352|15967866|234858|1|0|4|20/04/2018
353|15967999|234692|1|0|4|20/04/2018
354|15968005|234885|1|0|4|20/04/2018
355|15968047|234728|1|0|4|20/04/2018
356|15968070|234675|1|0|4|20/04/2018
357|15968112|234994|1|0|4|20/04/2018
358|15968138|234874|1|0|4|20/04/2018
359|15968229|234957|1|0|4|20/04/2018
360|15968252|234807|1|0|4|20/04/2018
361|15968294|234886|1|0|4|20/04/2018
362|15968310|234693|1|0|4|20/04/2018
363|15968336|234958|1|0|4|20/04/2018
364|15968559|234808|1|0|4|20/04/2018
365|15968617|234743|1|0|4|20/04/2018
366|15968369|234887|1|0|4|20/04/2018
367|15968377|234694|1|0|4|20/04/2018
368|15968484|234695|1|0|4|20/04/2018
369|15968815|234781|1|0|4|20/04/2018
370|15968864|234899|1|0|4|20/04/2018
371|15968740|234888|1|0|4|20/04/2018
372|15968757|234697|1|0|4|20/04/2018
373|16581203|074387|1|0|4|20/04/2018
374|16581237|074437|1|0|4|20/04/2018
375|16581450|074386|1|0|4|20/04/2018
376|16581484|074480|1|0|4|20/04/2018
377|16581641|074474|1|0|4|20/04/2018
378|16791190|074373|1|0|4|20/04/2018
379|16791208|074503|1|0|4|20/04/2018
380|16791216|074438|1|0|4|20/04/2018
381|16791232|074519|1|0|4|20/04/2018
382|16791273|074424|1|0|4|20/04/2018
383|16791323|074520|1|0|4|20/04/2018
384|16791364|074379|1|0|4|20/04/2018
385|16791398|074531|1|0|4|20/04/2018
386|16791596|074578|1|0|4|20/04/2018
387|16791620|074441|1|0|4|20/04/2018
388|16792925|074417|1|0|4|20/04/2018
389|16792933|074439|1|0|4|20/04/2018
390|16792941|074558|1|0|4|20/04/2018
391|16792958|074440|1|0|4|20/04/2018
392|16793063|074488|1|0|4|20/04/2018
393|16793626|074591|1|0|4|20/04/2018
394|16793634|074576|1|0|4|20/04/2018
395|16793642|074489|1|0|4|20/04/2018
396|16793725|074388|1|0|4|20/04/2018
397|16793741|074521|1|0|4|20/04/2018
398|16793824|074463|1|0|4|20/04/2018
399|16794111|074525|1|0|4|20/04/2018
400|16794129|074420|1|0|4|20/04/2018
401|16794723|074512|1|0|4|20/04/2018
402|16794749|074389|1|0|4|20/04/2018
403|16794863|074390|1|0|4|20/04/2018
404|16840666|074423|1|0|4|20/04/2018
405|16848784|074494|1|0|4|20/04/2018
406|16848818|074362|1|0|4|20/04/2018
407|17278379|234657|1|0|4|20/04/2018
408|17278536|234866|1|0|4|20/04/2018
409|17278577|234904|1|0|4|20/04/2018
410|17775895|234734|1|0|4|20/04/2018
411|17775994|234699|1|0|4|20/04/2018
412|17776018|234799|1|0|4|20/04/2018
413|17776034|234959|1|0|4|20/04/2018
414|17776059|234804|1|0|4|20/04/2018
415|17776166|234938|1|0|4|20/04/2018
416|17776240|234700|1|0|4|20/04/2018
417|17776422|234941|1|0|4|20/04/2018
418|17776448|234783|1|0|4|20/04/2018
419|17781216|234698|1|0|4|20/04/2018
420|17789599|234976|1|0|4|20/04/2018
421|17793559|234718|1|0|4|20/04/2018
422|17826284|234744|1|0|4|20/04/2018
423|17826292|234935|1|0|4|20/04/2018
424|17826300|234701|1|0|4|20/04/2018
425|17842935|074532|1|0|4|20/04/2018
426|17880661|074442|1|0|4|20/04/2018
427|18532568|074443|1|0|4|20/04/2018
428|18532592|074560|1|0|4|20/04/2018
429|18532618|074581|1|0|4|20/04/2018
430|18532675|074582|1|0|4|20/04/2018
431|18532956|074444|1|0|4|20/04/2018
432|18539159|074445|1|0|4|20/04/2018
433|18539266|074495|1|0|4|20/04/2018
434|18609796|074397|1|0|4|20/04/2018
435|18609820|074357|1|0|4|20/04/2018
436|18609887|074342|1|0|4|20/04/2018
437|18825277|074351|1|0|4|20/04/2018
438|18825293|074347|1|0|4|20/04/2018
439|18989081|234917|1|0|4|20/04/2018
440|18989107|234703|1|0|4|20/04/2018
441|18989149|234851|1|0|4|20/04/2018
442|19005481|234854|1|0|4|20/04/2018
443|19005507|234704|1|0|4|20/04/2018
444|19056518|074533|1|0|4|20/04/2018
445|19056575|074562|1|0|4|20/04/2018
446|19056625|074500|1|0|4|20/04/2018
447|19056930|074496|1|0|4|20/04/2018
448|19056948|074447|1|0|4|20/04/2018
449|19056955|074398|1|0|4|20/04/2018
450|19056963|074433|1|0|4|20/04/2018
451|19056971|074527|1|0|4|20/04/2018
452|19057094|074540|1|0|4|20/04/2018
453|19057102|074534|1|0|4|20/04/2018
454|19057110|074410|1|0|4|20/04/2018
455|19156185|074436|1|0|4|20/04/2018
456|19156219|074593|1|0|4|20/04/2018
457|19156268|074400|1|0|4|20/04/2018
458|19156276|074555|1|0|4|20/04/2018
459|19156300|074583|1|0|4|20/04/2018
460|19156318|074376|1|0|4|20/04/2018
461|19156326|074506|1|0|4|20/04/2018
462|19156433|074343|1|0|4|20/04/2018
463|19547912|074446|1|0|4|20/04/2018
464|19548175|074497|1|0|4|20/04/2018
465|19548191|074448|1|0|4|20/04/2018
466|19548274|074349|1|0|4|20/04/2018
467|20255786|234877|1|0|4|20/04/2018
468|20255794|234821|1|0|4|20/04/2018
469|20255802|234790|1|0|4|20/04/2018
470|20255752|234876|1|0|4|20/04/2018
471|20255760|234786|1|0|4|20/04/2018
472|20255992|234791|1|0|4|20/04/2018
473|20256016|234963|1|0|4|20/04/2018
474|20256024|234787|1|0|4|20/04/2018
475|20256073|234706|1|0|4|20/04/2018
476|20256081|234878|1|0|4|20/04/2018
477|20278721|234912|1|0|4|20/04/2018
478|20309898|234961|1|0|4|20/04/2018
479|20733089|074411|1|0|4|20/04/2018
480|23800125|074529|1|0|4|20/04/2018
481|23800158|074537|1|0|4|20/04/2018
482|23800174|074550|1|0|4|20/04/2018
483|23800190|074595|1|0|4|20/04/2018
484|23800356|074491|1|0|4|20/04/2018
485|23813029|074350|1|0|4|20/04/2018
486|23813086|074381|1|0|4|20/04/2018
487|23813169|074458|1|0|4|20/04/2018
488|23813177|074449|1|0|4|20/04/2018
489|23816691|074573|1|0|4|20/04/2018
490|23816717|074412|1|0|4|20/04/2018
491|23816774|074348|1|0|4|20/04/2018
492|23816618|074572|1|0|4|20/04/2018
493|23867876|074402|1|0|4|20/04/2018
494|23867884|074577|1|0|4|20/04/2018
495|23867892|074372|1|0|4|20/04/2018
496|23909116|074455|1|0|4|20/04/2018
497|23909157|074403|1|0|4|20/04/2018
498|23909165|074592|1|0|4|20/04/2018
499|23909272|074346|1|0|4|20/04/2018
500|23909447|074452|1|0|4|20/04/2018
501|23909454|074454|1|0|4|20/04/2018
502|23909462|074587|1|0|4|20/04/2018
503|23909470|074414|1|0|4|20/04/2018
504|23909504|074547|1|0|4|20/04/2018
505|23909553|074564|1|0|4|20/04/2018
506|23909603|074374|1|0|4|20/04/2018
507|23909611|074523|1|0|4|20/04/2018
508|23909637|074535|1|0|4|20/04/2018
509|23909686|074565|1|0|4|20/04/2018
510|23909702|074361|1|0|4|20/04/2018
511|23909942|074405|1|0|4|20/04/2018
512|23909959|074359|1|0|4|20/04/2018
513|23909967|074428|1|0|4|20/04/2018
514|23909975|074404|1|0|4|20/04/2018
515|23910007|074471|1|0|4|20/04/2018
516|23910015|074566|1|0|4|20/04/2018
517|23910023|074567|1|0|4|20/04/2018
518|24332607|234745|1|0|4|20/04/2018
519|24653119|234647|1|0|4|20/04/2018
520|24674883|234739|1|0|4|20/04/2018
521|24678702|234746|1|0|4|20/04/2018
522|24744546|234861|1|0|4|20/04/2018
523|24744561|234709|1|0|4|20/04/2018
524|24744579|234809|1|0|4|20/04/2018
525|24744587|234830|1|0|4|20/04/2018
526|24744686|234855|1|0|4|20/04/2018
527|24744702|234825|1|0|4|20/04/2018
528|24744785|234927|1|0|4|20/04/2018
529|24744884|234822|1|0|4|20/04/2018
530|24744918|234823|1|0|4|20/04/2018
531|24745030|234711|1|0|4|20/04/2018
532|24745071|234805|1|0|4|20/04/2018
533|24745139|234979|1|0|4|20/04/2018
534|24745154|234788|1|0|4|20/04/2018
535|24745238|234789|1|0|4|20/04/2018
536|24745287|234985|1|0|4|20/04/2018
537|24745311|234939|1|0|4|20/04/2018
538|24745402|234708|1|0|4|20/04/2018
539|24745451|234760|1|0|4|20/04/2018
540|24745469|234980|1|0|4|20/04/2018
541|24745527|234965|1|0|4|20/04/2018
542|24745543|234712|1|0|4|20/04/2018
543|24745550|234748|1|0|4|20/04/2018
544|24745568|234660|1|0|4|20/04/2018
545|24759726|234749|1|0|4|20/04/2018
546|24759734|234942|1|0|4|20/04/2018
547|24760112|234919|1|0|4|20/04/2018
548|24773347|234794|1|0|4|20/04/2018
549|24773354|234936|1|0|4|20/04/2018
550|27393952|234865|1|0|4|20/04/2018
551|27493810|234646|1|0|4|20/04/2018
552|27495989|234713|1|0|4|20/04/2018
553|27498629|234719|1|0|4|20/04/2018
554|27500242|234987|1|0|4|20/04/2018
555|27534902|234795|1|0|4|20/04/2018
556|27612773|234800|1|0|4|20/04/2018
557|27612781|234967|1|0|4|20/04/2018
558|27685811|234995|1|0|4|20/04/2018
559|27725559|234989|1|0|4|20/04/2018
560|27725591|234930|1|0|4|20/04/2018
561|27770720|234720|1|0|4|20/04/2018
562|27770795|234829|1|0|4|20/04/2018
563|27770803|234902|1|0|4|20/04/2018
564|27770878|234714|1|0|4|20/04/2018
565|27770894|234991|1|0|4|20/04/2018
566|27827827|234937|1|0|4|20/04/2018
567|27827892|234852|1|0|4|20/04/2018
568|27828056|234964|1|0|4|20/04/2018
569|27828114|234940|1|0|4|20/04/2018
570|27828148|234996|1|0|4|20/04/2018
571|27828155|234999|1|0|4|20/04/2018
572|27951304|074472|1|0|4|20/04/2018
573|27951312|074418|1|0|4|20/04/2018
574|27951320|074406|1|0|4|20/04/2018
575|27951338|074486|1|0|4|20/04/2018
576|27951346|074360|1|0|4|20/04/2018
577|27951387|074419|1|0|4|20/04/2018
578|27951395|074407|1|0|4|20/04/2018
579|27951429|074501|1|0|4|20/04/2018
580|28030553|074579|1|0|4|20/04/2018
581|28030561|074484|1|0|4|20/04/2018
582|28030595|074430|1|0|4|20/04/2018
583|28030611|074378|1|0|4|20/04/2018
584|28030629|074460|1|0|4|20/04/2018
585|28030645|074462|1|0|4|20/04/2018
586|28080624|074384|1|0|4|20/04/2018
587|28081051|074352|1|0|4|20/04/2018
588|28081093|074366|1|0|4|20/04/2018
589|28240723|074538|1|0|4|20/04/2018
590|29210691|074575|1|0|4|20/04/2018
591|29210741|074542|1|0|4|20/04/2018
592|29210832|074585|1|0|4|20/04/2018
593|29248220|074368|1|0|4|20/04/2018
594|29273897|074485|1|0|4|20/04/2018
595|29273913|074409|1|0|4|20/04/2018
596|29273921|074544|1|0|4|20/04/2018
597|29273939|074421|1|0|4|20/04/2018
598|29273954|074545|1|0|4|20/04/2018
599|29273988|074432|1|0|4|20/04/2018
600|29274028|074508|1|0|4|20/04/2018
601|29210758|074543|1|0|4|20/04/2018
602|29210766|074383|1|0|4|20/04/2018
603|29210774|074385|1|0|4|20/04/2018
604|29210709|074541|1|0|4|20/04/2018
605|29210725|074475|1|0|4|20/04/2018
606|29210733|074493|1|0|4|20/04/2018
607|28081465|074574|1|0|4|20/04/2018
608|28081473|074382|1|0|4|20/04/2018
609|28081044|074367|1|0|4|20/04/2018
610|28030603|074431|1|0|4|20/04/2018
611|27951403|074459|1|0|4|20/04/2018
612|27951411|074415|1|0|4|20/04/2018
613|27951353|074588|1|0|4|20/04/2018
614|27951361|074597|1|0|4|20/04/2018
615|27951379|074507|1|0|4|20/04/2018
616|27827983|234841|1|0|4|20/04/2018
617|27770712|234863|1|0|4|20/04/2018
618|27725898|234842|1|0|4|20/04/2018
619|27725906|234670|1|0|4|20/04/2018
620|27725609|234929|1|0|4|20/04/2018
621|27725617|234649|1|0|4|20/04/2018
622|27725575|234990|1|0|4|20/04/2018
623|27720733|234819|1|0|4|20/04/2018
624|27720741|234890|1|0|4|20/04/2018
625|27667298|234969|1|0|4|20/04/2018
626|27534894|234665|1|0|4|20/04/2018
627|27498561|234896|1|0|4|20/04/2018
628|27493828|235000|1|0|4|20/04/2018
629|27483043|234750|1|0|4|20/04/2018
630|24745535|234907|1|0|4|20/04/2018
631|24745436|234960|1|0|4|20/04/2018
632|24745303|234816|1|0|4|20/04/2018
633|24745147|234868|1|0|4|20/04/2018
634|24745089|234928|1|0|4|20/04/2018
635|24745097|235002|1|0|4|20/04/2018
636|24745063|234831|1|0|4|20/04/2018
637|24745014|234747|1|0|4|20/04/2018
638|24744728|234710|1|0|4|20/04/2018
639|24678694|234911|1|0|4|20/04/2018
640|24653143|234707|1|0|4|20/04/2018
641|23909934|074590|1|0|4|20/04/2018
642|23909983|074517|1|0|4|20/04/2018
643|23909991|074479|1|0|4|20/04/2018
644|23909629|074594|1|0|4|20/04/2018
645|23909561|074548|1|0|4|20/04/2018
646|23909512|074464|1|0|4|20/04/2018
647|23909496|074453|1|0|4|20/04/2018
648|23909256|074524|1|0|4|20/04/2018
649|23909264|074451|1|0|4|20/04/2018
650|23909124|074568|1|0|4|20/04/2018
651|23909132|074344|1|0|4|20/04/2018
652|23909140|074429|1|0|4|20/04/2018
653|23867900|074526|1|0|4|20/04/2018
654|23867926|074483|1|0|4|20/04/2018
655|23867835|074450|1|0|4|20/04/2018
656|23867850|074371|1|0|4|20/04/2018
657|23867868|074355|1|0|4|20/04/2018
658|23816642|074492|1|0|4|20/04/2018
659|23816659|074353|1|0|4|20/04/2018
660|23813276|074498|1|0|4|20/04/2018
661|23813045|074466|1|0|4|20/04/2018
662|23800349|074522|1|0|4|20/04/2018
663|23800315|074482|1|0|4|20/04/2018
664|23800208|074596|1|0|4|20/04/2018
665|23800182|074563|1|0|4|20/04/2018
666|21073600|074434|1|0|4|20/04/2018
667|20451211|074377|1|0|4|20/04/2018
668|20309930|234901|1|0|4|20/04/2018
669|20305086|234815|1|0|4|20/04/2018
670|20281774|234846|1|0|4|20/04/2018
671|20278739|234771|1|0|4|20/04/2018
672|20255737|234875|1|0|4|20/04/2018
673|20255976|234705|1|0|4|20/04/2018
674|20255778|234918|1|0|4|20/04/2018
675|19548183|074457|1|0|4|20/04/2018
676|19548118|074571|1|0|4|20/04/2018
677|19548043|074358|1|0|4|20/04/2018
678|19547896|074396|1|0|4|20/04/2018
679|19156334|074569|1|0|4|20/04/2018
680|19156227|074401|1|0|4|20/04/2018
681|19156250|074399|1|0|4|20/04/2018
682|19056476|074570|1|0|4|20/04/2018
683|19056658|074465|1|0|4|20/04/2018
684|19056534|074478|1|0|4|20/04/2018
685|19056559|074354|1|0|4|20/04/2018
686|19056344|074554|1|0|4|20/04/2018
687|18989099|234785|1|0|4|20/04/2018
688|18609838|074365|1|0|4|20/04/2018
689|18609804|074504|1|0|4|20/04/2018
690|18539373|074477|1|0|4|20/04/2018
691|18539183|074536|1|0|4|20/04/2018
692|18539209|074514|1|0|4|20/04/2018
693|18539142|074427|1|0|4|20/04/2018
694|18532923|074425|1|0|4|20/04/2018
695|18532980|074553|1|0|4|20/04/2018
696|18532998|074393|1|0|4|20/04/2018
697|18533046|074426|1|0|4|20/04/2018
698|18533129|074561|1|0|4|20/04/2018
699|18533160|074422|1|0|4|20/04/2018
700|18532659|074392|1|0|4|20/04/2018
701|18532576|074481|1|0|4|20/04/2018
702|18532584|074391|1|0|4|20/04/2018
703|17789623|234715|1|0|4|20/04/2018
704|17776232|235001|1|0|4|20/04/2018
705|17776588|234784|1|0|4|20/04/2018
706|17776398|234889|1|0|4|20/04/2018
707|17776513|234898|1|0|4|20/04/2018
708|17775986|234891|1|0|4|20/04/2018
709|17775879|234850|1|0|4|20/04/2018
710|17278494|234782|1|0|4|20/04/2018
711|16840864|074513|1|0|4|20/04/2018
712|16840476|074559|1|0|4|20/04/2018
713|16794442|074470|1|0|4|20/04/2018
714|16794178|074490|1|0|4|20/04/2018
715|16793949|074510|1|0|4|20/04/2018
716|16793956|074380|1|0|4|20/04/2018
717|16793006|074364|1|0|4|20/04/2018
718|16791943|074363|1|0|4|20/04/2018
719|16791588|074345|1|0|4|20/04/2018
720|16581252|074530|1|0|4|20/04/2018
721|16581294|074549|1|0|4|20/04/2018
722|15968799|234726|1|0|4|20/04/2018
723|15968690|234696|1|0|4|20/04/2018
724|15968708|234752|1|0|4|20/04/2018
725|15968724|234978|1|0|4|20/04/2018
726|15968344|234742|1|0|4|20/04/2018
727|15967957|234730|1|0|4|20/04/2018
728|15968096|234725|1|0|4|20/04/2018
729|15967890|234674|1|0|4|20/04/2018
730|15967932|234840|1|0|4|20/04/2018
731|15967841|234691|1|0|4|20/04/2018
732|15967858|234934|1|0|4|20/04/2018
733|15967742|234903|1|0|4|20/04/2018
734|15967460|234845|1|0|4|20/04/2018
735|15967486|234741|1|0|4|20/04/2018
736|15810660|234992|1|0|4|20/04/2018
737|15810678|234779|1|0|4|20/04/2018
738|15561560|234751|1|0|4|20/04/2018
739|15557162|234806|1|0|4|20/04/2018
740|14197010|234933|1|0|4|20/04/2018
741|14196707|234776|1|0|4|20/04/2018
742|14139517|234857|1|0|4|20/04/2018
743|13565688|074556|1|0|4|20/04/2018
744|13565704|074557|1|0|4|20/04/2018
745|13565522|074499|1|0|4|20/04/2018
746|13565324|074356|1|0|4|20/04/2018
747|13565373|074375|1|0|4|20/04/2018
748|13565423|074413|1|0|4|20/04/2018
749|13299403|234736|1|0|4|20/04/2018
750|13225945|234775|1|0|4|20/04/2018
751|13225952|234645|1|0|4|20/04/2018
752|13217090|234761|1|0|4|20/04/2018
753|13745793|235615|1|0|4|20/04/2018
754|13745819|235626|1|0|4|20/04/2018
755|13822584|235517|1|0|4|20/04/2018
756|13823004|235587|1|0|4|20/04/2018
757|13823376|235690|1|0|4|20/04/2018
758|13823400|235709|1|0|4|20/04/2018
759|13823418|235710|1|0|4|20/04/2018
760|13823715|235774|1|0|4|20/04/2018
761|15469814|235732|1|0|4|20/04/2018
762|15965597|235492|1|0|4|20/04/2018
763|15965472|235642|1|0|4|20/04/2018
764|15965480|235618|1|0|4|20/04/2018
765|15967213|235295|1|0|4|20/04/2018
766|15967940|235347|1|0|4|20/04/2018
767|15968161|235208|1|0|4|20/04/2018
768|16711735|075038|1|0|4|20/04/2018
769|16711750|075082|1|0|4|20/04/2018
770|16792826|074509|1|0|4|20/04/2018
771|16792834|074539|1|0|4|20/04/2018
772|16792909|074467|1|0|4|20/04/2018
773|16793477|074468|1|0|4|20/04/2018
774|16794236|074598|1|0|4|20/04/2018
775|17220579|074935|1|0|4|20/04/2018
776|17278395|234664|1|0|4|20/04/2018
777|17302104|235543|1|0|4|20/04/2018
778|17775945|235072|1|0|4|20/04/2018
779|17776216|235280|1|0|4|20/04/2018
780|17776414|234906|1|0|4|20/04/2018
781|17810890|235075|1|0|4|20/04/2018
782|17840574|075253|1|0|4|20/04/2018
783|17840301|075224|1|0|4|20/04/2018
784|17858857|074511|1|0|4|20/04/2018
785|18514541|075001|1|0|4|20/04/2018
786|18532469|074865|1|0|4|20/04/2018
787|18580096|074949|1|0|4|20/04/2018
788|18859003|075193|1|0|4|20/04/2018
789|18931133|075042|1|0|4|20/04/2018
790|18931117|074927|1|0|4|20/04/2018
791|19005549|234843|1|0|4|20/04/2018
792|19055692|074746|1|0|4|20/04/2018
793|19055718|074808|1|0|4|20/04/2018
794|19056443|074476|1|0|4|20/04/2018
795|19155716|074660|1|0|4|20/04/2018
796|19155724|074663|1|0|4|20/04/2018
797|19156177|074552|1|0|4|20/04/2018
798|19547748|074646|1|0|4|20/04/2018
799|20228445|235763|1|0|4|20/04/2018
800|20228353|235524|1|0|4|20/04/2018
801|20255968|234860|1|0|4|20/04/2018
802|20272880|235804|1|0|4|20/04/2018
803|20733055|074666|1|0|4|20/04/2018
804|20992651|075005|1|0|4|20/04/2018
805|27810138|235636|1|0|4|20/04/2018
806|27828023|235093|1|0|4|20/04/2018
807|27828064|234727|1|0|4|20/04/2018
808|27977259|074931|1|0|4|20/04/2018
809|28001661|075122|1|0|4|20/04/2018
810|28001679|075217|1|0|4|20/04/2018
811|28030546|074408|1|0|4|20/04/2018
812|28063604|075132|1|0|4|20/04/2018
813|28063703|075110|1|0|4|20/04/2018
814|28080897|074880|1|0|4|20/04/2018
815|28081119|074821|1|0|4|20/04/2018
816|28081143|074832|1|0|4|20/04/2018
817|24658381|158025|1|0|4|21/04/2018
818|24713061|158071|1|0|4|21/04/2018
819|27791163|157914|1|0|4|21/04/2018
820|19619927|162150|1|0|4|21/04/2018
821|20226829|167109|1|0|4|20/04/2018
822|20227314|167080|1|0|4|20/04/2018
823|20284463|167040|1|0|4|20/04/2018
824|20985622|041651|1|0|4|20/04/2018
825|23898384|022223|1|0|4|20/04/2018
826|23898749|022567|1|0|4|20/04/2018
827|23899200|022605|1|0|4|20/04/2018
828|23848496|015401|1|0|4|21/04/2018
829|23776689|022386|1|0|4|20/04/2018
830|24352126|160366|1|0|4|20/04/2018
831|24350062|168522|1|0|4|20/04/2018
832|24349924|168461|1|0|4|20/04/2018
833|24330726|167073|1|0|4|20/04/2018
834|23904273|018528|1|0|4|20/04/2018
835|23915501|018648|1|0|4|20/04/2018
836|23915519|018880|1|0|4|20/04/2018
837|24397634|018523|1|0|4|20/04/2018
838|24353389|162859|1|0|4|20/04/2018
839|24667481|167178|1|0|4|20/04/2018
840|24805974|162618|1|0|4|20/04/2018
841|24834172|162369|1|0|4|20/04/2018
842|27559057|193281|1|0|4|20/04/2018
843|27659352|162518|1|0|4|20/04/2018
844|27660236|162201|1|0|4|21/04/2018
845|27712185|167243|1|0|4|20/04/2018
846|27753593|167048|1|0|4|20/04/2018
847|27944580|041180|1|0|4|20/04/2018
848|27881972|041108|1|0|4|20/04/2018
849|28052565|018888|1|0|4|20/04/2018
850|28052540|018552|1|0|4|20/04/2018
851|28062507|022263|1|0|4|20/04/2018
852|28062556|022637|1|0|4|20/04/2018
853|28240822|022426|1|0|4|20/04/2018
854|28282782|022265|1|0|4|20/04/2018
855|16702965|103114|1|0|4|12/04/2018
856|21038827|103140|1|0|4|12/04/2018
857|23841426|103330|1|0|4|12/04/2018
858|27859747|265640|1|0|4|12/04/2018
859|16703328|103218|1|0|4|12/04/2018
860|19548696|103064|1|0|4|12/04/2018
861|20211086|266094|1|0|4|12/04/2018
862|29280967|103031|1|0|4|12/04/2018
863|23864436|103628|1|0|4|12/04/2018
864|14106540|265689|1|0|4|12/04/2018
865|23912573|103723|1|0|4|12/04/2018
866|15479607|266051|1|0|4|12/04/2018
867|14118388|266327|1|0|4|12/04/2018
868|27802184|266192|1|0|4|12/04/2018
869|19536618|103363|1|0|4|12/04/2018
870|24705422|266200|1|0|4|12/04/2018
871|24705091|265708|1|0|4|12/04/2018
872|15884244|265856|1|0|4|12/04/2018
873|24328563|265766|1|0|4|12/04/2018
874|28149791|103515|1|0|4|12/04/2018
875|19628563|265679|1|0|4|12/04/2018
876|16703542|103523|1|0|4|12/04/2018
877|19628480|265591|1|0|4|12/04/2018
878|19548795|103540|1|0|4|12/04/2018
879|15606480|266290|1|0|4|12/04/2018
880|24386025|103340|1|0|4|12/04/2018
881|24705331|266266|1|0|4|12/04/2018
882|18909378|103463|1|0|4|12/04/2018
883|27438997|265828|1|0|4|12/04/2018
884|27439003|265791|1|0|4|12/04/2018
885|27458359|266201|1|0|4|12/04/2018
886|27458318|266142|1|0|4|12/04/2018
887|14113397|266237|1|0|4|12/04/2018
888|16701009|103615|1|0|4|12/04/2018
889|19548811|103397|1|0|4|12/04/2018
890|17730163|266244|1|0|4|12/04/2018
891|14143915|265892|1|0|4|12/04/2018
892|24848297|266353|1|0|4|12/04/2018
893|16507885|103030|1|0|4|12/04/2018
894|29267584|103441|1|0|4|12/04/2018
895|23817103|103520|1|0|4|12/04/2018
896|23817145|103573|1|0|4|12/04/2018
897|27802309|266046|1|0|4|12/04/2018
898|17730031|266093|1|0|4|12/04/2018
899|27859697|266035|1|0|4|12/04/2018
900|20431783|103037|1|0|4|12/04/2018
901|17960372|103320|1|0|4|12/04/2018
902|16701504|103576|1|0|4|12/04/2018
903|20431932|103436|1|0|4|12/04/2018
904|27745441|266324|1|0|4|12/04/2018
905|17960976|103291|1|0|4|12/04/2018
906|17960778|103538|1|0|4|12/04/2018
907|16703559|103643|1|0|4|12/04/2018
908|19624299|266065|1|0|4|12/04/2018
909|24705364|265917|1|0|4|12/04/2018
910|19628548|265858|1|0|4|12/04/2018
911|12792812|265792|1|0|4|12/04/2018
912|19637002|266321|1|0|4|12/04/2018
913|13978816|265642|1|0|4|12/04/2018
914|29267170|103384|1|0|4|12/04/2018
915|24384160|103057|1|0|4|12/04/2018
916|28149965|103483|1|0|4|12/04/2018
917|17730122|266089|1|0|4|12/04/2018
918|16699963|103210|1|0|4|12/04/2018
919|20725267|103266|1|0|4|12/04/2018
920|19636483|266107|1|0|4|12/04/2018
921|19610553|103582|1|0|4|12/04/2018
922|19610561|103622|1|0|4|12/04/2018
923|27924772|103448|1|0|4|12/04/2018
924|12714949|266340|1|0|4|12/04/2018
925|24803854|265780|1|0|4|12/04/2018
926|12795757|266233|1|0|4|12/04/2018
927|27924798|103388|1|0|4|12/04/2018
928|28149841|103312|1|0|4|12/04/2018
929|16700134|103451|1|0|4|12/04/2018
930|23875242|103058|1|0|4|12/04/2018
931|20210708|265903|1|0|4|12/04/2018
932|28149635|103172|1|0|4|12/04/2018
933|28148694|103482|1|0|4|12/04/2018
934|12795310|265809|1|0|4|12/04/2018
935|12715490|265779|1|0|4|12/04/2018
936|20432278|103555|1|0|4|12/04/2018
937|20431908|103505|1|0|4|12/04/2018
938|24803904|265965|1|0|4|12/04/2018
939|23912508|103418|1|0|4|12/04/2018
940|17294616|266075|1|0|4|12/04/2018
941|14107894|265799|1|0|4|12/04/2018
942|27475247|265709|1|0|4|12/04/2018
943|24375796|103572|1|0|4|12/04/2018
944|24705414|265702|1|0|4|12/04/2018
945|12791228|266274|1|0|4|12/04/2018
946|27857246|266303|1|0|4|12/04/2018
947|16696753|103724|1|0|4|12/04/2018
948|27456387|266345|1|0|4|12/04/2018
949|24804118|265947|1|0|4|12/04/2018
950|23829421|103624|1|0|4|12/04/2018
951|27463086|265761|1|0|4|12/04/2018
952|18631394|103619|1|0|4|12/04/2018
953|27802150|266212|1|0|4|12/04/2018
954|16698882|103060|1|0|4|12/04/2018
955|19554561|103665|1|0|4|12/04/2018
956|27921760|103231|1|0|4|12/04/2018
957|12716399|266245|1|0|4|12/04/2018
958|24669016|265861|1|0|4|12/04/2018
959|17729934|265956|1|0|4|12/04/2018
960|27475254|266323|1|0|4|12/04/2018
961|20431981|103120|1|0|4|12/04/2018
962|20211375|265932|1|0|4|12/04/2018
963|20211201|266160|1|0|4|12/04/2018
964|24804092|266188|1|0|4|12/04/2018
965|27456742|266272|1|0|4|12/04/2018
966|16694014|103706|1|0|4|12/04/2018
967|16694691|103283|1|0|4|12/04/2018
968|27458391|265600|1|0|4|12/04/2018
969|12713453|265729|1|0|4|12/04/2018
970|19628100|266139|1|0|4|12/04/2018
971|24848156|265800|1|0|4|12/04/2018
972|28148702|103503|1|0|4|12/04/2018
973|28148769|103684|1|0|4|12/04/2018
974|20432054|103479|1|0|4|12/04/2018
975|28148199|103310|1|0|4|12/04/2018
976|12795609|265950|1|0|4|12/04/2018
977|16694006|103360|1|0|4|12/04/2018
978|27710627|266295|1|0|4|12/04/2018
979|16701421|103118|1|0|4|12/04/2018
980|15884129|266111|1|0|4|12/04/2018
981|23830791|103124|1|0|4|12/04/2018
982|23830478|103754|1|0|4|12/04/2018
983|23829827|103304|1|0|4|12/04/2018
984|19587371|103533|1|0|4|12/04/2018
985|28148553|103431|1|0|4|12/04/2018
986|27857105|265655|1|0|4|12/04/2018
987|20431429|103583|1|0|4|12/04/2018
988|27802200|266358|1|0|4|12/04/2018
989|20211102|265838|1|0|4|12/04/2018
990|28150013|103122|1|0|4|12/04/2018
991|28149692|103462|1|0|4|12/04/2018
992|14113868|266305|1|0|4|12/04/2018
993|24848081|265862|1|0|4|12/04/2018
994|29306119|103166|1|0|4|12/04/2018
995|29306101|103386|1|0|4|12/04/2018
996|27856909|266267|1|0|4|12/04/2018
997|16700639|103611|1|0|4|12/04/2018
998|27923162|103682|1|0|4|12/04/2018
999|23912474|103721|1|0|4|12/04/2018
1000|17730205|266090|1|0|4|12/04/2018
1001|19549389|103606|1|0|4|12/04/2018
1002|27923113|103608|1|0|4|12/04/2018
1003|27923154|103444|1|0|4|12/04/2018
1004|19536790|103474|1|0|4|12/04/2018
1005|19549041|103067|1|0|4|12/04/2018
1006|17730221|265957|1|0|4|12/04/2018
1007|19537335|103476|1|0|4|12/04/2018
1008|14106417|265680|1|0|4|12/04/2018
1009|19587355|103139|1|0|4|12/04/2018
1010|15606415|266109|1|0|4|12/04/2018
1011|24848354|266162|1|0|4|12/04/2018
1012|19635972|265598|1|0|4|12/04/2018
1013|19549801|103411|1|0|4|12/04/2018
1014|19636475|265901|1|0|4|12/04/2018
1015|23963188|103709|1|0|4|12/04/2018
1016|19636855|266066|1|0|4|12/04/2018
1017|19636897|266098|1|0|4|12/04/2018
1018|12795443|266021|1|0|4|12/04/2018
1019|27458342|265842|1|0|4|12/04/2018
1020|19628589|266241|1|0|4|12/04/2018
1021|24386496|103369|1|0|4|12/04/2018
1022|24705349|266226|1|0|4|12/04/2018
1023|29267287|103663|1|0|4|12/04/2018
1024|24803896|265776|1|0|4|12/04/2018
1025|29267360|103649|1|0|4|12/04/2018
1026|12796649|265704|1|0|4|12/04/2018
1027|28150005|103279|1|0|4|12/04/2018
1028|16701348|103324|1|0|4|12/04/2018
1029|24386322|103298|1|0|4|12/04/2018
1030|14108157|265812|1|0|4|12/04/2018
1031|14110336|265970|1|0|4|12/04/2018
1032|16700894|103319|1|0|4|12/04/2018
1033|20431999|103557|1|0|4|12/04/2018
1034|12717058|265808|1|0|4|12/04/2018
1035|14110229|265952|1|0|4|12/04/2018
1036|27439037|265730|1|0|4|12/04/2018
1037|27439011|266057|1|0|4|12/04/2018
1038|16702833|103271|1|0|4|12/04/2018
1039|19628126|266302|1|0|4|12/04/2018
1040|27923063|103736|1|0|4|12/04/2018
1041|24803987|266126|1|0|4|12/04/2018
1042|12793588|265966|1|0|4|12/04/2018
1043|28021271|103194|1|0|4|12/04/2018
1044|20269027|265592|1|0|4|12/04/2018
1045|27437387|265931|1|0|4|12/04/2018
1046|12792176|265878|1|0|4|12/04/2018
1047|21038819|103050|1|0|4|12/04/2018
1048|19548753|103634|1|0|4|12/04/2018
1049|12716548|265611|1|0|4|12/04/2018
1050|12791525|266180|1|0|4|12/04/2018
1051|12791517|265772|1|0|4|12/04/2018
1052|27835580|266059|1|0|4|12/04/2018
1053|14117695|265883|1|0|4|12/04/2018
1054|15558657|265968|1|0|4|12/04/2018
1055|17959630|103392|1|0|4|12/04/2018
1056|17960448|103577|1|0|4|12/04/2018
1057|16701298|103071|1|0|4|12/04/2018
1058|19537343|103404|1|0|4|12/04/2018
1059|17960190|103700|1|0|4|12/04/2018
1060|17292982|266072|1|0|4|12/04/2018
1061|24384921|103406|1|0|4|12/04/2018
1062|24384947|103689|1|0|4|12/04/2018
1063|23849858|103541|1|0|4|12/04/2018
1064|16701991|103699|1|0|4|12/04/2018
1065|27802143|266008|1|0|4|12/04/2018
1066|27945355|103193|1|0|4|12/04/2018
1067|19624638|266185|1|0|4|12/04/2018
1068|20211029|266298|1|0|4|12/04/2018
1069|27857279|266095|1|0|4|12/04/2018
1070|15883816|265983|1|0|4|12/04/2018
1071|14112944|266194|1|0|4|12/04/2018
1072|24804076|266045|1|0|4|12/04/2018
1073|29280934|103108|1|0|4|12/04/2018
1074|16703534|103253|1|0|4|12/04/2018
1075|17311733|265930|1|0|4|12/04/2018
1076|27670961|266054|1|0|4|12/04/2018
1077|12717082|265697|1|0|4|12/04/2018
1078|24804043|265657|1|0|4|12/04/2018
1079|16699492|103275|1|0|4|12/04/2018
1080|12716332|266027|1|0|4|12/04/2018
1081|14177293|266221|1|0|4|12/04/2018
1082|14117851|265978|1|0|4|12/04/2018
1083|15479466|266351|1|0|4|12/04/2018
1084|19628084|265687|1|0|4|12/04/2018
1085|14114296|266342|1|0|4|12/04/2018
1086|24848313|265658|1|0|4|12/04/2018
1087|28147993|103461|1|0|4|12/04/2018
1088|28147936|103460|1|0|4|12/04/2018
1089|28147951|103714|1|0|4|12/04/2018
1090|28148934|103543|1|0|4|12/04/2018
1091|19640501|265993|1|0|4|12/04/2018
1092|24848206|266190|1|0|4|12/04/2018
1093|19610637|103246|1|0|4|12/04/2018
1094|14117513|265753|1|0|4|12/04/2018
1095|23961307|103419|1|0|4|12/04/2018
1096|16819835|103254|1|0|4|12/04/2018
1097|16819843|103042|1|0|4|12/04/2018
1098|29268160|103353|1|0|4|12/04/2018
1099|28158800|103688|1|0|4|12/04/2018
1100|19592348|103185|1|0|4|12/04/2018
1101|29267964|103589|1|0|4|12/04/2018
1102|19549231|103531|1|0|4|12/04/2018
1103|29267907|103343|1|0|4|12/04/2018
1104|19549280|103722|1|0|4|12/04/2018
1105|29267915|103551|1|0|4|12/04/2018
1106|19636632|265736|1|0|4|12/04/2018
1107|12795500|265785|1|0|4|12/04/2018
1108|28020968|103664|1|0|4|12/04/2018
1109|19551278|103728|1|0|4|12/04/2018
1110|23912599|103481|1|0|4|12/04/2018
1111|17960489|103410|1|0|4|12/04/2018
1112|20211441|265860|1|0|4|12/04/2018
1113|17264619|103695|1|0|4|12/04/2018
1114|19628662|266320|1|0|4|12/04/2018
1115|17264601|103093|1|0|4|12/04/2018
1116|20432021|103559|1|0|4|12/04/2018
1117|20431361|103350|1|0|4|12/04/2018
1118|20211128|265935|1|0|4|12/04/2018
1119|23830353|103096|1|0|4|12/04/2018
1120|27919046|103715|1|0|4|12/04/2018
1121|20283044|265768|1|0|4|12/04/2018
1122|16700688|103659|1|0|4|12/04/2018
1123|27923097|103497|1|0|4|12/04/2018
1124|17287990|265595|1|0|4|12/04/2018
1125|19548647|103179|1|0|4|12/04/2018
1126|19032154|266113|1|0|4|12/04/2018
1127|14117489|265751|1|0|4|12/04/2018
1128|24384087|103524|1|0|4|12/04/2018
1129|24384079|103455|1|0|4|12/04/2018
1130|20432146|103300|1|0|4|12/04/2018
1131|12795351|266283|1|0|4|12/04/2018
1132|16699013|103046|1|0|4|12/04/2018
1133|14112100|266114|1|0|4|12/04/2018
1134|12796359|265693|1|0|4|12/04/2018
1135|17729678|265742|1|0|4|12/04/2018
1136|14143964|265982|1|0|4|12/04/2018
1137|16700126|103472|1|0|4|12/04/2018
1138|19624018|266284|1|0|4|12/04/2018
1139|12713511|265925|1|0|4|12/04/2018
1140|27455090|265906|1|0|4|12/04/2018
1141|15969052|266061|1|0|4|12/04/2018
1142|16507737|103061|1|0|4|12/04/2018
1143|15606340|265986|1|0|4|12/04/2018
1144|23912540|103175|1|0|4|12/04/2018
1145|23912532|103316|1|0|4|12/04/2018
1146|14114049|266314|1|0|4|12/04/2018
1147|27456379|266230|1|0|4|12/04/2018
1148|24384418|103702|1|0|4|12/04/2018
1149|20431742|103749|1|0|4|12/04/2018
1150|16819975|103517|1|0|4|12/04/2018
1151|14117927|266037|1|0|4|12/04/2018
1152|12713313|266146|1|0|4|12/04/2018
1153|12713420|266077|1|0|4|12/04/2018
1154|27438989|266288|1|0|4|12/04/2018
1155|27438971|266056|1|0|4|12/04/2018
1156|21038710|103055|1|0|4|12/04/2018
1157|17960810|103671|1|0|4|12/04/2018
1158|29202755|103616|1|0|4|12/04/2018
1159|20211425|265758|1|0|4|12/04/2018
1160|12791467|266135|1|0|4|12/04/2018
1161|29267337|103547|1|0|4|12/04/2018
1162|23841871|103174|1|0|4|12/04/2018
1163|16702932|103755|1|0|4|12/04/2018
1164|14143790|266099|1|0|4|12/04/2018
1165|14143782|265816|1|0|4|12/04/2018
1166|16703302|103744|1|0|4|12/04/2018
1167|27923139|103387|1|0|4|12/04/2018
1168|19637069|266073|1|0|4|12/04/2018
1169|27745649|265738|1|0|4|12/04/2018
1170|14108447|265840|1|0|4|12/04/2018
1171|29280876|103250|1|0|4|12/04/2018
1172|29280892|103249|1|0|4|12/04/2018
1173|24797510|266248|1|0|4|12/04/2018
1174|24797502|266141|1|0|4|12/04/2018
1175|27745532|265869|1|0|4|12/04/2018
1176|19636715|265765|1|0|4|12/04/2018
1177|15919875|265597|1|0|4|12/04/2018
1178|16702700|103609|1|0|4|12/04/2018
1179|14105773|265593|1|0|4|12/04/2018
1180|29267402|103358|1|0|4|12/04/2018
1181|28158826|103145|1|0|4|12/04/2018
1182|20432005|103394|1|0|4|12/04/2018
1183|16696340|103498|1|0|4|12/04/2018
1184|16696514|103522|1|0|4|12/04/2018
1185|23814209|103535|1|0|4|12/04/2018
1186|15479490|265711|1|0|4|12/04/2018
1187|16701413|103056|1|0|4|12/04/2018
1188|12715185|265607|1|0|4|12/04/2018
1189|23963212|103069|1|0|4|12/04/2018
1190|16702049|103593|1|0|4|12/04/2018
1191|27922966|103403|1|0|4|12/04/2018
1192|27831019|266129|1|0|4|12/04/2018
1193|24705372|265827|1|0|4|12/04/2018
1194|19548738|103569|1|0|4|12/04/2018
1195|16696555|103164|1|0|4|12/04/2018
1196|16696563|103385|1|0|4|12/04/2018
1197|16696332|103129|1|0|4|12/04/2018
1198|27456395|265914|1|0|4|12/04/2018
1199|24451548|103442|1|0|4|12/04/2018
1200|14114056|266315|1|0|4|12/04/2018
1201|27745367|266058|1|0|4|12/04/2018
1202|24383931|103100|1|0|4|12/04/2018
1203|16703039|103694|1|0|4|12/04/2018
1204|17960380|103596|1|0|4|12/04/2018
1205|12716753|265802|1|0|4|12/04/2018
1206|14107324|265755|1|0|4|12/04/2018
1207|19628118|266078|1|0|4|12/04/2018
1208|23841889|103654|1|0|4|12/04/2018
1209|14117307|265653|1|0|4|12/04/2018
1210|27745409|266227|1|0|4|12/04/2018
1211|27745136|266216|1|0|4|12/04/2018
1212|19634462|265805|1|0|4|12/04/2018
1213|12714139|266132|1|0|4|12/04/2018
1214|24804100|265609|1|0|4|12/04/2018
1215|28148819|103651|1|0|4|12/04/2018
1216|12714956|265666|1|0|4|12/04/2018
1217|12713248|265677|1|0|4|12/04/2018
1218|12716654|266218|1|0|4|12/04/2018
1219|19551245|103674|1|0|4|12/04/2018
1220|23830304|103457|1|0|4|12/04/2018
1221|14118198|266220|1|0|4|12/04/2018
1222|23830452|103525|1|0|4|12/04/2018
1223|23830676|103224|1|0|4|12/04/2018
1224|20211169|266079|1|0|4|12/04/2018
1225|24804142|266225|1|0|4|12/04/2018
1226|19628738|265944|1|0|4|12/04/2018
1227|16703567|103494|1|0|4|12/04/2018
1228|28149916|103399|1|0|4|12/04/2018
1229|28149809|103400|1|0|4|12/04/2018
1230|15920022|266007|1|0|4|12/04/2018
1231|16694378|103245|1|0|4|12/04/2018
1232|15884178|265984|1|0|4|12/04/2018
1233|27802218|265649|1|0|4|12/04/2018
1234|29258914|103680|1|0|4|12/04/2018
1235|27922552|103475|1|0|4|12/04/2018
1236|19538747|103633|1|0|4|12/04/2018
1237|12796540|265881|1|0|4|12/04/2018
1238|28149742|103740|1|0|4|12/04/2018
1239|23947256|000798|1|0|4|18/04/2018
1240|15815925|140744|1|0|4|18/04/2018
1241|13664747|000627|1|0|4|18/04/2018
1242|27450190|140726|1|0|4|18/04/2018
1243|27461403|141137|1|0|4|18/04/2018
1244|13681204|141142|1|0|4|18/04/2018
1245|13678978|140710|1|0|4|18/04/2018
1246|13233311|140735|1|0|4|18/04/2018
1247|17717046|140721|1|0|4|18/04/2018
1248|20197178|140890|1|0|4|18/04/2018
1249|15815453|141174|1|0|4|18/04/2018
1250|20197335|140934|1|0|4|18/04/2018
1251|24684320|141078|1|0|4|18/04/2018
1252|17927710|000556|1|0|4|18/04/2018
1253|27461361|140852|1|0|4|18/04/2018
1254|13679620|140841|1|0|4|18/04/2018
1255|13680651|141025|1|0|4|18/04/2018
1256|15786944|140915|1|0|4|18/04/2018
1257|13233683|140858|1|0|4|18/04/2018
1258|24839775|140904|1|0|4|18/04/2018
1259|15598497|140996|1|0|4|18/04/2018
1260|15786977|141201|1|0|4|18/04/2018
1261|17927686|000628|1|0|4|18/04/2018
1262|14141349|141179|1|0|4|18/04/2018
1263|13679026|140733|1|0|4|18/04/2018
1264|13681519|141186|1|0|4|18/04/2018
1265|13234228|141082|1|0|4|18/04/2018
1266|13679695|140849|1|0|4|18/04/2018
1267|13679687|140848|1|0|4|18/04/2018
1268|24839825|140767|1|0|4|18/04/2018
1269|13681113|141115|1|0|4|18/04/2018
1270|24839882|140861|1|0|4|18/04/2018
1271|13680792|141058|1|0|4|18/04/2018
1272|13679018|140734|1|0|4|18/04/2018
1273|23946803|000562|1|0|4|18/04/2018
1274|20197301|141052|1|0|4|18/04/2018
1275|14141307|141064|1|0|4|18/04/2018
1276|20266270|140779|1|0|4|18/04/2018
1277|27461353|140982|1|0|4|18/04/2018
1278|13664598|000618|1|0|4|18/04/2018
1279|17927751|000770|1|0|4|18/04/2018
1280|14361053|000554|1|0|4|18/04/2018
1281|28156333|000564|1|0|4|18/04/2018
1282|13663954|000565|1|0|4|18/04/2018
1283|20196998|140731|1|0|4|18/04/2018
1284|13233444|140786|1|0|4|18/04/2018
1285|13664382|000602|1|0|4|18/04/2018
1286|13664432|000607|1|0|4|18/04/2018
1287|24839981|140813|1|0|4|18/04/2018
1288|13664564|000619|1|0|4|18/04/2018
1289|13679497|140818|1|0|4|18/04/2018
1290|13665983|000690|1|0|4|18/04/2018
1291|27793151|140997|1|0|4|18/04/2018
1292|13680479|141004|1|0|4|18/04/2018
1293|13680081|140913|1|0|4|18/04/2018
1294|13233816|140923|1|0|4|18/04/2018
1295|17716782|140924|1|0|4|18/04/2018
1296|15815636|140696|1|0|4|20/04/2018
1297|29253303|000555|1|0|4|20/04/2018
1298|13233279|140714|1|0|4|20/04/2018
1299|17716816|140720|1|0|4|20/04/2018
1300|15815545|140772|1|0|4|20/04/2018
1301|28206419|000584|1|0|4|20/04/2018
1302|13664234|000588|1|0|4|20/04/2018
1303|13680487|141000|1|0|4|20/04/2018
